,Topic
0,ÜberSoldier
1,void tRrLM2(); //Void Terrarium 2
2,theHunter
3,osu!
4,kkrieger
5,fault - StP - Lightkravte
6,eRepublik
7,eBASEBALL Powerful Pro Baseball 2022
8,beat refle
9,_summer
10,Zup! Zero 2
11,Zup! Zero
12,Zup! X
13,Zup! Arena
14,Zup! 8
15,Zup! 7
16,Zup! 6
17,Zup! 5
18,Zup! 4
19,Zup! 3
20,Zup! 2
21,Zup!
22,Zuma's Revenge!
23,Zorya: The Celestial Sisters
24,Zorro - The Chronicles
25,Zork: Grand Inquisitor
26,Zork Zero
27,Zoo Vet
28,Zoo Tycoon 2: Marine Mania
29,Zoo Tycoon 2: Extinct Animals
30,Zoo Tycoon 2: Endangered Species
31,Zoo Tycoon 2: Dino Danger Pack
32,Zoo Tycoon 2: African Adventure
33,Zoo Tycoon 2
34,Zoo Tycoon
35,Zombie Driver
36,Zombie Army 4: Dead War
37,ZoMGman! Battle Arena
38,ZoMGman! 2
39,Ziggurat 2
40,Zhengtu
41,Zero-K
42,Zero Escape: Zero Time Dilemma
43,Zengeon
44,Zeliard
45,ZZT
46,Z: Steel Soldiers
47,Z
48,Yury
49,Yurukill: The Calumniation Games
50,Yurukill: The Calumniation Games
51,Yurukill: The Calumniation Games
52,Yuppie Psycho: Executive Edition
53,Yuoni
54,Yume Nikki
55,Yu-Gi-Oh! Rush Duel: Dawn of the Battle Royale!! Let’s Go! Go Rush!!
56,Yu-Gi-Oh! Master Duel
57,Yu-Gi-Oh! Master Duel
58,Yu-Gi-Oh! Duel Links
59,Ys VIII: Lacrimosa of Dana
60,Ys VIII: Lacrimosa of Dana
61,Youtubers Life
62,Young Souls
63,Yomawari: Lost in the Dark
64,Yomawari: Lost in the Dark
65,Yomawari 3
66,Yars: Recharged
67,Yakuza: Like a Dragon
68,Yakuza Kiwami 2
69,Yakuza Kiwami
70,Yakuza 6: The Song of Life
71,Yakuza 5 Remastered
72,Yakuza 4 Remastered
73,Yakuza 3 Remastered
74,Yakuza 0
75,Xsyon
76,Xonotic
77,Xenonauts
78,Xenoblade Chronicles 3
79,Xargon
80,XIII
81,XEL
82,XCOM: Enemy Within
83,XCOM: Enemy Unknown
84,X3: Terran Conflict
85,X-Plane
86,X-Moto
87,Wurm Online
88,Wreckfest
89,Worth Life
90,Worms W.M.D
91,Worlds of Ultima: The Savage Empire
92,World of the Living Dead
93,World of Warships
94,World of Warplanes
95,World of Warcraft: Wrath of the Lich King
96,World of Warcraft: Warlords of Draenor
97,World of Warcraft: The Burning Crusade
98,World of Warcraft: Mists of Pandaria
99,World of Warcraft: Legion
100,World of Warcraft: Cataclysm
101,World of Warcraft: Battle for Azeroth
102,World of Warcraft
103,World of Tanks
104,World of Goo
105,World of Final Fantasy
106,World in Conflict: Soviet Assault
107,World in Conflict
108,World War Z: Aftermath
109,World Golf Tour
110,Wonderland Online
111,WonderKing Online
112,Wonder Boy Collection
113,Wolfstride
114,Wizards & Warriors
115,Wizardry VA
116,Wizardry Online
117,Wizard101
118,Within a Deep Forest
119,With Your Destiny
120,Witchspring R
121,Witch on the Holy Night
122,Winter Ember
123,Winning Post 9 2022
124,Wing of the Asteria
125,Wing Commander 3: Heart of the Tiger
126,Windjammers 2
127,Wildcat Gun Machine
128,WildStar
129,Wild West Dynasty
130,Wife Quest
131,Widelands
132,Who Wants to Be a Millionaire?
133,White Night
134,White Day: A Labyrinth Named School
135,Whisker Squadron
136,Where in the World Is Carmen Sandiego?
137,Wheels of Aurelia
138,What Remains of Edith Finch
139,Westward Journey Online II
140,Weird West
141,Webbed
142,We Were Here Forever
143,We Are OFK
144,Wayward Strand
145,Way of the Hunter
146,Wavetale
147,Wasteland 2
148,Wasteland
149,Warzone 2100
150,Warhammer Online: Age of Reckoning
151,"Warhammer 40,000: Inquisitor – Martyr"
152,"Warhammer 40,000: Dawn of War II"
153,"Warhammer 40,000: Dawn of War (including expansions)"
154,"Warhammer 40,000: Darktide"
155,"Warhammer 40,000: Chaos Gate - Daemonhunters"
156,Wargame: Red Dragon
157,Wargame: European Escalation
158,Wargame: AirLand Battle
159,Warframe
160,Warface
161,Warcraft: Orcs & Humans
162,Warcraft III: Reign of Chaos
163,Warcraft II: Tides of Darkness
164,War of the Roses
165,War of the Lance
166,War Thunder
167,War Mongrels
168,Wakfu
169,WWE 2K22
170,WRC Generations
171,WRC 10
172,WARNO
173,Voyage Century Online
174,Voxatron
175,Voidtrain
176,Voice of Cards: The Forsaken Maiden
177,Vivisector: Beast Within
178,Vindictus
179,Vietcong
180,Victoria: An Empire Under The Sun
181,Victoria II
182,Victoria 3
183,Vestaria Saga II: The Sacred Sword of Silvanister
184,Vesper: Zero Light Edition
185,VergeWorld
186,Vengeful Guardian: Moonrider
187,Vendetta Online
188,Vanguard: Saga of Heroes
189,Vanaris Tactics
190,Vampire: The Masquerade – Swansong
191,Vampire: The Masquerade – Redemption
192,Vampire: The Masquerade – Bloodlines
193,Vampire: The Masquerade – Bloodhunt
194,Valorant
195,Valkyrie of Phantasm Prelude
196,Valkyrie Profile: Lenneth
197,Valkyrie Elysium
198,Valis: The Fantasm Soldier Collection II
199,Valiant Hearts: The Great War
200,Valheim
201,VDrift
202,V Rising
203,Uta no Prince-sama All Star After Secret
204,Urban Terror
205,Unturned
206,Untitled Need for Speed game
207,Unreal Tournament 4
208,Unreal Tournament 3
209,Unreal Tournament 2004
210,Unreal Tournament 2003
211,Unreal Tournament
212,Unreal II: The Awakening
213,Unreal
214,Unpacking
215,Unknown Horizons
216,Universe Sandbox
217,Unexplored 2: The Wayfarer's Legacy
218,Undetected
219,Underworld Dreams: The False King
220,Undertale
221,Undernauts: Labyrinth of Yomi
222,Underlight
223,Uncharted: Legacy of Thieves Collection
224,Uncharted Waters Online
225,Unbound: Worlds Apart
226,UnReal World
227,Umurangi Generation: Special Edition
228,Ultra Street Fighter IV
229,Ultra Kaiju Monster Rancher
230,Ultra Kaiju Monster Rancher
231,Ultra Age
232,Ultima Online
233,Ultima 4
234,Tzar
235,Tyrian 2000
236,Tyrant's Blessing
237,Two Point Campus
238,Twelve Sky 2
239,Twelve Sky
240,Turrican Anthology Vol. 1 & 2
241,Turbo Overkill
242,Turbo Kid
243,Tunic
244,Tunche
245,Tsuki no Kanata de Aimashou
246,True Love
247,Trove
248,Tropico 6
249,Tropico 5
250,Tropico 4
251,Tropico 3
252,Tropico 2: Pirate Cove
253,Tropico
254,Trollhunters: Defenders of Arcadia
255,Trinity Trigger
256,Trifox
257,Trickster Online
258,Tribes: Vengeance
259,Tribes: Ascend
260,Tribes of Midgard
261,Tribes 2
262,Triangle Strategy
263,Trespasser
264,Trek to Yomi
265,Transport Tycoon
266,Transistor
267,Transiruby
268,Transformice
269,Transcendence
270,Train Simulator
271,Train Sim World 3
272,TrackMania United
273,TrackMania Sunrise
274,TrackMania Nations Forever
275,TrackMania Nations ESWC
276,TrackMania Forever
277,TrackMania 2: Canyon
278,Tower of Fantasy
279,Tower Princess
280,Tour de France 22
281,Touken Ranbu Warriors
282,Touken Ranbu Warriors
283,Touhou Gouyoku Ibun: Suibotsushita Chinshuu Jigoku
284,Touch Detective collection Touch Detective: Rina and the Funghi Case Files
285,Totally Accurate Battle Simulator
286,Total War: Warhammer III
287,Total War: Shogun 2
288,Total War: Rome II
289,Total Annihilation
290,Torn
291,Tormented Souls
292,Toribash
293,Torcs
294,Torchlight II
295,Torchlight
296,Toontown Rewritten
297,Toontown Online
298,Toodee and Topdee
299,Tomb Raider: The Last Revelation
300,Tomb Raider: The Angel of Darkness
301,Tomb Raider: Legend
302,Tomb Raider: Chronicles
303,Tomb Raider: Anniversary
304,Tomb Raider Reloaded
305,Tomb Raider III
306,Tomb Raider II
307,Tomb Raider (2013)
308,Tomb Raider
309,Tom Clancy’s Rainbow Six Siege
310,Tom Clancy's Splinter Cell: Pandora Tomorrow
311,Tom Clancy's Splinter Cell: Double Agent
312,Tom Clancy's Splinter Cell: Conviction
313,Tom Clancy's Splinter Cell: Chaos Theory
314,Tom Clancy's Splinter Cell: Blacklist
315,Tom Clancy's Splinter Cell
316,Tom Clancy's Rainbow Six Siege
317,Tom Clancy's Rainbow Six Extraction
318,Tom Clancy's Ghost Recon Phantoms
319,Tokyo 24-Ku: Inoru
320,Titan Quest
321,Tinykin
322,Tiny Tina's Wonderlands
323,Timothy and the Tower of Mu
324,Time on Frog Island
325,Tibia
326,Thymesia
327,Through the Darkest of Times
328,Those Who Remain
329,Thomas Was Alone
330,This War of Mine: Final Cut
331,Thief: The Dark Project
332,Thief: Deadly Shadows
333,Thief II: The Metal Age
334,Thief
335,They Always Run
336,There is No Light
337,Theme Park
338,Them's Fightin' Herds
339,The Witcher 3: Wild Hunt
340,The Witcher 2: Assassins of Kings
341,The Witcher
342,The Witch's House MV
343,The Waylanders
344,The Tower: To the Bottom
345,The Touhou Empires
346,The Tomorrow Children: Phoenix Edition
347,The Tale of Onogoro
348,The Tale of Bistun
349,The Sting!
350,The Stanley Parable: Ultra Deluxe
351,The Stanley Parable
352,The Spirit and the Mouse
353,The Sims: Vacation
354,The Sims: Unleashed
355,The Sims: Superstar
356,The Sims: Makin' Magic
357,The Sims: Livin' Large
358,The Sims: House Party
359,The Sims: Hot Date
360,The Sims Social
361,The Sims 4
362,The Sims 3: University Life
363,The Sims 3: Supernatural
364,The Sims 3: Showtime
365,The Sims 3: Seasons
366,The Sims 3: Late Night
367,The Sims 3: Island Paradise
368,The Sims 3: Into the Future
369,The Sims 3: Generations
370,The Sims 3
371,The Sims 2: University
372,The Sims 2: Seasons
373,The Sims 2: Open for Business
374,The Sims 2: Nightlife
375,The Sims 2: FreeTime
376,The Sims 2: Bon Voyage
377,The Sims 2: Apartment Life
378,The Sims 2
379,The Sims
380,The Silver Lining
381,The Ship
382,The Settlers: Rise of an Empire
383,The Settlers: Heritage of Kings
384,The Settlers: Awakening of Cultures
385,The Settlers IV
386,The Settlers III
387,The Settlers II (10th Anniversary)
388,The Settlers II
389,The Settlers 7: Paths to a Kingdom
390,The Settlers
391,The Serpent Rogue
392,The Secret World
393,The Sealed Ampoule
394,The Sacred Hero
395,The Rumble Fish 2
396,The Rumble Fish
397,The Realm Online
398,The Ramp
399,The Quarry
400,The Punisher (2005 video game)
401,The Powder Toy
402,The Pedestrian
403,The Pathless
404,The Outlast Trials
405,The Outbound Ghost
406,The Origin: Blind Maid
407,The Neverhood
408,The Matrix Online
409,The Marathon Trilogy
410,The Lord of the Rings Online
411,The Longest Road on Earth
412,The Library of Babel
413,The Legend of Tianding
414,The Legend of Sword and Fairy 5
415,The Legend of Sword and Fairy 3
416,The Legend of Nayuta: Boundless Trails
417,The Legend of Mir 3
418,The Legend of Mir 2
419,The Legend of Heroes: Trails from Zero
420,The Legend of Heroes: Kuro no Kiseki II -CRIMSON SiN-
421,The Legend of Bum-bo
422,The Legend of Ares
423,The Last of Us Remastered
424,The Last of Us Part I
425,The Last Worker
426,The Last Oricru
427,The Last Ninja
428,The Last Hero of Nostalgaia
429,The Last Friend
430,The Last Faith
431,The Knight Witch
432,The King of Fighters XV
433,The King of Fighters '98 Ultimate Match Final Edition
434,The Jackbox Party Starter
435,The Jackbox Party Pack 9
436,The Hundred Year Kingdom
437,The House of the Dead: Remake
438,The Hand of Merlin
439,The Gardens Between
440,The Game of Life 2
441,The Galactic Junkers
442,The Future You've Been Dreaming Of
443,The Fox Awaits Me
444,The Forgotten City
445,The Forest of Drizzling Rain remake
446,The Forest
447,The Fold: Ingression
448,The Eternal Cylinder
449,The Entropy Centre
450,The Elder Scrolls: Daggerfall
451,The Elder Scrolls: Arena
452,The Elder Scrolls V: Skyrim
453,The Elder Scrolls Online: High Isle
454,The Elder Scrolls Online
455,The Elder Scrolls IV: Oblivion
456,The Elder Scrolls III: Morrowind
457,The Elder Scrolls II: Daggerfall
458,The Elder Scrolls Adventures: Redguard
459,The Diofield Chronicle
460,The Dark Pictures Anthology: The Devil in Me
461,The Cycle: Frontier
462,The Cursed Crusade
463,The Cruel King and the Great Hero
464,The Cruel King and the Great Hero
465,The Courier
466,The Company Man
467,The Club
468,The Closing Shift
469,The Chant
470,The Centennial Case: A Shijima Story
471,The Case of the Golden Idol
472,The Callisto Protocol
473,The Caligula Effect 2
474,The Bridge Curse: Road to Salvation
475,The Binding of Isaac: Rebirth
476,The Binding of Isaac
477,The Big Con: Grift of the Year Edition
478,The Battle for Wesnoth
479,The Ascent
480,The Artful Escape
481,The Anacrusis
482,The Adventures of Lomax
483,The Adventures of Fatman
484,The 4th Coming
485,The 13th Month
486,Tetris
487,Terraria
488,Terra
489,Tentacular
490,Temtem
491,Tempest 4000
492,Teenage Mutant Ninja Turtles: The Cowabunga Collection
493,Teenage Mutant Ninja Turtles: Shredder's Revenge
494,Tecmo Bowl
495,Technoroid Unison Heart
496,Teardown
497,Teamfight Tactics
498,Team Fortress Classic
499,Team Fortress 2
500,Tasomachi: Behind the Twilight
501,Tanarus
502,Tales of Pirates
503,Tales of Maj'Eyal
504,Takkoman: Kouzatsu World
505,Taito Milestones
506,Taisho x Alice: All in One
507,Taiko no Tatsujin: The Drum Master!
508,Taiko no Tatsujin: Rhythm Festival
509,Taiko Risshiden V DX
510,TagPro
511,Tad the Lost Explorer and the Emerald Tablet
512,Tactics Ogre: Reborn
513,Tactical Intervention
514,Tabula Rasa
515,TOKOYO: The Tower of Perpetuity
516,TERA: Rising
517,TERA
518,System Shock 2
519,System Shock
520,Synced: Off Planet
521,Symphony of War: The Nephilim Saga
522,SympathyKiss
523,Syberia: The World Before
524,Swordship
525,Sword and Fairy: Together Forever
526,Sword Art Online Variant Showdown
527,Survival Quiz CITY
528,Surf's Up
529,Supreme Commander
530,Super Zangyrua
531,Super Smash Land
532,Super Sami Roll
533,Super Meat Boy Forever
534,Super Meat Boy
535,Super Mario Bros. Crossover
536,Super Lone Survivor
537,Super Impossible Road
538,Super Crate Box
539,Super Bullet Break
540,Sunshine Manor
541,Sunset Overdrive
542,SunnySide
543,Sunday Gold
544,Summer Pockets Reflection Blue
545,Sumikko Gurashi: Minna de Rhythm Party
546,Sudden Attack
547,Subway Midnight
548,Submerged: Hidden Depths
549,Stuntfest: World Tour
550,Stronghold: Crusader Extreme
551,Stronghold: Crusader
552,Stronghold Legends
553,Stronghold Kingdoms
554,Stronghold 3
555,Stronghold 2
556,Stronghold
557,Streets of Rage 4
558,Street Racing Syndicate'
559,Street Fighter X Mega Man
560,Street Fighter II
561,Stray
562,Stranger of Paradise: Final Fantasy Origin
563,Story of Seasons: Pioneers of Olive Town
564,Story of Seasons: Pioneers of Olive Town
565,Stickfight: The Game
566,Stellaris
567,Stellar Monarch
568,Stellar Dawn
569,Steelrising
570,State of Decay 2
571,State of Decay
572,Starsiege: Tribes
573,Starship Troopers: Terran Command
574,Starsector
575,Starmade
576,Stardew Valley
577,Starcraft
578,Starbound
579,StarQuest Online
580,StarDrive
581,StarCraft: Brood War
582,StarCraft II: Wings of Liberty
583,StarCraft II: Legacy of the Void
584,StarCraft II: Heart of the Swarm
585,StarCraft
586,Star Wars: X-Wing
587,Star Wars: The Old Republic: Legacy of the Sith
588,Star Wars: The Old Republic
589,Star Wars: The Force Unleashed
590,Star Wars: TIE Fighter
591,Star Wars: Republic Commando
592,Star Wars: Rebel Assault
593,Star Wars: Knights of the Old Republic II – The Sith Lords
594,Star Wars: Knights of the Old Republic
595,Star Wars: Galaxy of Heroes
596,Star Wars: Empire At War
597,Star Wars Knights of the Old Republic II: The Sith Lords
598,Star Wars Jedi: Fallen Order
599,Star Wars Galaxies
600,Star Trek Prodigy: Supernova
601,Star Trek Online
602,Star Ocean: The Divine Force
603,Star Citizen
604,"Spy Fox in ""Dry Cereal"""
605,Spy Bros.: Pipi & Bibi's DX
606,Spore Galactic Adventures
607,Spore
608,Splatoon 3
609,Spirittea
610,Spirit Hunter: Death Mark II
611,Spiral Knights
612,Spidersaurs
613,Spelunky 2
614,Spelunky
615,SpellForce 3 Reforced
616,Spark the Electric Jester 3
617,Spacelines from the Far Out
618,SpaceChem
619,Space Warlord Organ Trading Simulator
620,Space Station 13
621,Space Heroes Universe!
622,Space Engineers
623,Space Engine
624,South of the Circle
625,Source of Madness
626,Soundfall
627,Soulvars
628,Soulvars
629,Soulstice
630,Souldiers
631,Soul of the Ultimate Nation
632,Soul Hackers 2
633,Soul Hackers 2
634,Soukai Tenki
635,Sons of the Forest
636,Sonic Origins
637,Sonic Heroes
638,Sonic Frontiers
639,Sonic & Knuckles Collection
640,Song of Nunu: A League of Legends Story
641,Somerville
642,Solar Ash
643,Sol Cresta
644,Soccer Story
645,SnowRunner
646,Snow Bros. Special
647,Sniper Elite 5
648,Snacko
649,Smurfs Kart
650,Smite
651,Slipstream
652,Slender: The Eight Pages
653,Sleeping Dogs
654,Slaycation Paradise
655,Skyforge
656,Skullgirls 2nd Encore
657,Skull and Bones
658,Sker Ritual
659,Skautfold: Shrouded in Sanity
660,Six Days in Fallujah
661,Sins of a Solar Empire
662,Sin Chronicle
663,SimCity Societies
664,SimCity 4
665,SimCity 3000
666,SimCity
667,Silt
668,Silkroad Online
669,Silent Hunter III
670,Silent Hunter II
671,Silent Hunter 5: Battle of the Atlantic
672,Silent Hunter 4: Wolves of the Pacific
673,Silent Hunter
674,Signalis
675,Sifu
676,Sid Meier's Railroads!
677,SiN: Reloaded
678,Shroud of the Avatar: Forsaken Virtues
679,Shredders
680,Shoulders of Giants
681,Shot-Online
682,ShootMania Storm
683,Shogun: Total War
684,Shirone: The Dragon Girl
685,Shiren the Wanderer: The Tower of Fortune and the Dice of Fate
686,Ship of Fools
687,Shinobi non Grata
688,Shin-chan: Me and the Professor on Summer Vacation – The Endless Seven-Day Journey
689,Shin-chan: Me and the Professor on Summer Vacation – The Endless Seven-Day Journey
690,Shin Megami Tensei: Imagine
691,Sherlock Holmes: The Devil's Daughter
692,Sherlock Holmes: Crimes & Punishments
693,Sherlock Holmes Chapter One
694,Shattered: Tale of the Forgotten King
695,Shatter Remastered Deluxe
696,Shadowverse
697,Shadowrun Trilogy
698,Shadowbane
699,Shadow of the Tomb Raider
700,Shadow Warrior 3
701,Shadow Man Remastered
702,Shadow Madness
703,Severed Steel
704,Seven Pirates H
705,Session: Skate Sim
706,Serious Sam: Tormental
707,Serious Sam: Siberian Mayhem
708,Serial Cleaners
709,Senses: Midnight
710,Senren Banka: A Thousand Colors of Love
711,Sengoku
712,"Sen no Hatou, Tsukisome no Kouki"
713,Sega Mega Drive and Genesis Classics
714,Secret of the Silver Blades
715,Second Extinction
716,Seal Online
717,Sea of Thieves
718,Scrolls
719,Scrapland
720,ScourgeBringer
721,Scorn
722,Scorched 3D
723,Scions of Fate
724,Scathe
725,Scar of the Doll
726,Satisfactory
727,Sangokushi Online
728,Sangoku Rensenki: Omoide Gaeshi + Gakuen Ransenki
729,Sands of Salzaar
730,Samurai Maiden
731,Samurai Bringer
732,Sam & Max: This Time It's Virtual!
733,Salt and Sacrifice
734,Salem
735,Saints Row: The Third
736,Saints Row IV
737,Saints Row 2
738,Saints Row
739,Saint Kotar
740,Sacred
741,SWAT 4
742,SWAT 3: Close Quarters Battle
743,SNK vs. Capcom: Card Fighters Clash
744,SD Gundam Battle Alliance
745,SCP: Secret Laboratory
746,SCP: Secret Files
747,SCP
748,SBK 22
749,S.T.A.L.K.E.R.: Shadow of Chernobyl
750,S.T.A.L.K.E.R.: Clear Sky
751,S.T.A.L.K.E.R.: Call of Pripyat
752,République: Anniversary Edition
753,Ryzom
754,Ryse: Son of Rome
755,Ryan’s Rescue Squad
756,Rusty Hearts
757,Rust
758,Running on Magic
759,Runes of Magic
760,RuneScape (3)
761,RuneScape
762,Rune Factory 5
763,Rune Factory 5
764,Rune Factory 5
765,Runaway: A Road Adventure
766,Rumbleverse
767,Rules of Survival
768,Ruinsmagus
769,Rugby 22
770,Rubies of Eventide
771,Roundabout
772,Rome: Total War: Barbarian Invasion
773,Rome: Total War: Alexander
774,Rome: Total War
775,Romancing SaGa: Minstrel Song Remastered
776,Rollerdrome
777,RollerCoaster Tycoon 3
778,RollerCoaster Tycoon 2
779,RollerCoaster Tycoon
780,Roller Champions
781,Rohan: Blood Feud
782,Roguebook
783,Rogue Legacy 2
784,Rocket League
785,Rock 'n' Roll Adventures
786,Robot Roller-Derby Disco Dodgeball
787,Robocraft
788,RoboCop
789,Roblox
790,Road 96
791,River City Saga: Three Kingdoms
792,River City Girls Zero
793,River City Girls 2
794,River City Girls
795,Rise of the Tomb Raider
796,Rise of the Third Power
797,Rise of Nations: Thrones and Patriots
798,Rise of Nations: Rise of Legends
799,Rise of Nations
800,Ripout
801,RimWorld Console Edition
802,Rift
803,RiffTrax: The Game
804,Ride
805,Ricochet
806,Revita
807,Reverse Collapse: Code Name Bakery
808,Reverie Knights Tactics
809,Return to Zork
810,Return to Shironagasu Island
811,Return to Monkey Island
812,Return to Castle Wolfenstein
813,Return of the Obra Dinn
814,Retrobooster
815,Resident Evil: Revelations 2
816,Resident Evil: Revelations
817,Resident Evil: Operation Raccoon City
818,Resident Evil RE:Verse
819,Resident Evil 7: Biohazard
820,Resident Evil 6
821,Resident Evil 5
822,Resident Evil 4: Ultimate HD Edition
823,Resident Evil 4
824,Resident Evil 3: Nemesis
825,Resident Evil 3
826,Resident Evil 2
827,Resident Evil
828,Research and Destroy
829,Requiem: Memento Mori
830,Reprisal
831,Replica
832,Renegade X (C&C Renegade Fan-Remake)
833,Reliquary
834,Relayer
835,Reign of Kings
836,Redshirt
837,Redout 2
838,Red Stone
839,Red Orchestra: Ostfront 41-45
840,Red Orchestra 2: Heroes of Stalingrad
841,Red Dead Redemption 2
842,Record of Lodoss War: Deedlit in Wonder Labyrinth
843,Recettear: An Item Shop's Tale
844,Rec Room
845,Realm of the Mad God
846,Real Heroes: Firefighter HD
847,Read Only Memories: Neurodiver
848,Re:LieF ~Dear You~ FoR SwitcH
849,Rayman Origins
850,Rayman M/Arena
851,Rayman Legends
852,Rayman 3: Hoodlum Havoc
853,Rayman 2: The Great Escape
854,Rayman
855,Ravenous Devils
856,Rappelz
857,Ran Online
858,Rakuen
859,Railroad Tycoon II
860,Railroad Tycoon 3
861,Railroad Tycoon
862,Railgrade
863,Raiden IV x MIKADO remix
864,Ragnorium
865,Ragnarok Online 2
866,Ragnarok Online
867,Rage
868,Raft
869,Radirgy Swag
870,Radiant Tale
871,Race With Ryan Road Trip Deluxe Edition
872,Rabbids: Party of Legends
873,RWBY: Arrowfell
874,RPGolf Legends
875,RPG Time! The Legend of Wright
876,ROSE Online
877,RIFT
878,RF Online
879,QuickSpot
880,Quest for Glory II
881,Quantum Error
882,Quake III Arena
883,Quake II
884,Quake 4
885,Quake
886,QQ Speed / GKART / Speed Drifters
887,Puzzle Quest 3
888,Puzzle Pirates
889,Puzzle & Dragons Nintendo Switch Edition
890,Puyopuyo!! Quest Arcade
891,Putt-Putt Travels Through Time
892,Putt-Putt Saves the Zoo
893,Puppet Guardian
894,Pupperazzi
895,Psychonauts
896,Psikyo Shooting Stars Bravo
897,Psikyo Shooting Stars Alpha
898,Project Zomboid
899,Project TL
900,Project I.G.I.
901,Pro Cycling Manager 2022
902,Priston Tale 2
903,Priston Tale
904,Prison Architect
905,Prismata
906,Prinny Presents NIS Classics Volume 3
907,Prinny Presents NIS Classics Volume 3
908,Prinny Presents NIS Classics Volume 2
909,Prinny Presents NIS Classics Volume 2
910,Prince of Persia: Warrior Within
911,Prince of Persia: The Sands of Time
912,PowerWash Simulator
913,PowerSlave: Exhumed
914,Potion Permit
915,Potato Flowers in Full Bloom
916,Postal: Brain Damaged
917,Postal Redux
918,Postal III
919,Postal 4: No Regerts
920,Postal 2
921,Postal
922,Post Void
923,Portal: Companion Collection
924,Portal 2
925,Portal
926,Populous
927,Poptropica
928,Poppy Playtime: Chapter Two
929,Poppy Playtime
930,Pools of Darkness
931,Pool of Radiance
932,Pony Island
933,Police Quest: SWAT 2
934,Pokémon TCG Online
935,Pokémon Scarlet and Violet
936,Pokémon Legends: Arceus
937,Pokemon Planet
938,Pocky & Rocky Reshrined
939,Pocky & Rocky Reshrined
940,Pocket Mirror: GoldeneTraum
941,PlayerUnknown's Battlegrounds
942,Playboy: The Mansion
943,Planetary Annihilation
944,Planetarian: The Reverie of a Little Planet
945,PlanetSide 2
946,PlanetSide
947,Planet Coaster
948,Planeshift
949,PlaneShift
950,Pixel Piracy
951,Pirates of the Caribbean Online
952,Pirates of the Burning Sea
953,Pirate101
954,Piofiore: Episodio 1926
955,Pillars of Eternity
956,Picross X: Picbits vs. Uzboross
957,Picross S7
958,Picontier
959,Phoenix Dynasty Online
960,Phantom Doctrine
961,Phantom Breaker: Omnia
962,Phantasy Star Online 2: New Genesis
963,Phantasy Star Online 2
964,Phantasy Star Online 2
965,Phantasy Star Online
966,Phantasmagoria
967,Perspective
968,Persona 5 Royal
969,Persona 4 Golden
970,Persona 4 Arena Ultimax
971,Perpetuum
972,Perfect World
973,Penumbra: Requiem
974,Penumbra: Overture
975,Penumbra: Black Plague
976,Pentiment
977,Peggle Extreme
978,Payday: The Heist
979,Payday 2
980,Paw Patrol: Grand Prix
981,Pavilion
982,Patrick's Parabox
983,Patrician III: Rise of the Hanse
984,Pathfinder: Wrath of the Righteous
985,Path of Exile
986,Passage
987,Pascal’s Wager: Definitive Edition
988,Parkasaurus
989,Pardus
990,Parallel Kingdom
991,Paradise Killer
992,Paradigm Paradox
993,ParaWorld
994,"Papers, Please"
995,Paper Dolls 2
996,Paper Cut Mansion
997,Pantheon: Rise of the Fallen
998,Paladins
999,Pajama Sam: No Need to Hide When It's Dark Outside
1000,Pajama Sam 2: Thunder and Lightning Aren't so Frightening
1001,Pac-Man World Re-Pac
1002,Pac-Man Museum +
1003,Pac-Man Doodle
1004,Pac-Man Championship Edition DX+
1005,Pac-Man
1006,PUBG: Battlegrounds
1007,POD
1008,PGA Tour 2K23
1009,Oxenfree II: Lost Signals
1010,Oxenfree
1011,Overwatch
1012,Overlord: Escape from Nazarick
1013,Overgrowth
1014,Overcooked: All You Can Eat Edition
1015,Outward: Definitive Edition
1016,Outriders Worldslayer
1017,Outlast
1018,Outer Wilds
1019,Outcast
1020,Out of the Park Baseball
1021,Our Battle Has Just Begun! Episode 2
1022,Ou
1023,Ori and the Will of the Wisps
1024,Ori and the Blind Forest
1025,Order of War
1026,Order and Chaos Online
1027,Order & Chaos 2: Redemption
1028,Orcs Must Die! 3
1029,Orcs Must Die 2
1030,Opus: Echo of Starsong - Full Bloom Edition
1031,Operation Flashpoint: Resistance
1032,Operation Flashpoint: Cold War Crisis
1033,OpenTTD
1034,OpenArena
1035,Open Roads
1036,Open Rails (based on Microsoft Train Simulator)
1037,Ooblets
1038,OneShot: World Machine Edition
1039,OneShot
1040,One Piece Odyssey
1041,Omori
1042,Omori
1043,Omerta
1044,OlliOlli World
1045,Old World
1046,Old School RuneScape
1047,Oita Beppu Mystery Guide: The Warped Bamboo Lantern
1048,Of Blades & Tails
1049,Of Bird and Cage
1050,Oddworld: Stranger's Wrath HD
1051,Octopath Traveler: Champions of the Continent
1052,Octodad
1053,ONI: Road to be the Mightiest Oni
1054,OFF
1055,Nova-111
1056,Not For Broadcast
1057,Nostalgic Train
1058,Norn9: Nonette
1059,Norn9: Last Era
1060,Norco
1061,Noel the Mortal Fate
1062,Nobunaga's Ambition: Rebirth
1063,Nobody Saves the World
1064,No Place for Bravery
1065,No More Room in Hell
1066,No More Room In Hell
1067,No More Heroes III
1068,No More Heroes III
1069,No More Heroes III
1070,No Man's Sky
1071,Nioh
1072,Nintendo Switch Sports
1073,Ninjabread Man
1074,Ninja Usagimaru: Two Tails of Adventure
1075,Ninja JaJaMaru: The Great Yokai Battle + Hell
1076,NinNinDays2
1077,Night in the Woods
1078,Nier: Automata The End of Yorha Edition
1079,Nier: Automata
1080,Nickelodeon Party Blast
1081,Nickelodeon Kart Racers 3: Slime Speedway
1082,Ni no Kuni: Cross Worlds
1083,Nexus: The Kingdom of the Winds
1084,Nexuiz
1085,Next Car Game: Wreckfest
1086,Nexomon + Nexomon: Extinction: Complete Collection
1087,New World
1088,New Tales from the Borderlands
1089,New Prince of Tennis LET’S GO!! ~Daily Life~ from RisingBeat
1090,Neverwinter Nights: Shadows of Undrentide
1091,Neverwinter Nights: Hordes of the Underdark
1092,Neverwinter Nights 2: Storm of Zehir
1093,Neverwinter Nights 2: Mysteries of Westgate
1094,Neverwinter Nights 2: Mask of the Betrayer
1095,Neverwinter Nights 2
1096,Neverwinter Nights
1097,Neverwinter
1098,Neverball
1099,NeverAwake
1100,Never Alone: Arctic Edition
1101,Nether: Resurrected
1102,Neptuna x Senran Kagura: Ninja Wars
1103,Neptuna x Senran Kagura: Ninja Wars
1104,Neptuna x Senran Kagura: Ninja Wars
1105,Neon White
1106,Neon Beasts
1107,Neocron 2: Beyond Dome of York
1108,Neocron
1109,Nekojishi: Lin & Partners
1110,Neighbours from Hell
1111,Needy Streamer Overload
1112,Need for Speed: Underground
1113,Need for Speed: Porsche Unleashed
1114,Need for Speed: Hot Pursuit 2
1115,Need for Speed: High Stakes
1116,Need for Speed III: Hot Pursuit
1117,Need for Speed II
1118,Need for Speed
1119,Natural Selection 2
1120,Naraka: Bladepoint
1121,Napoleon: Total War
1122,Naiad
1123,NBA Playgrounds
1124,NBA Live 99
1125,NBA Live 2005
1126,NBA Live 2004
1127,NBA Live 2003
1128,NBA Live 2001
1129,NBA Live 2000
1130,NBA Live 07
1131,NBA Live 06
1132,NBA Jam Extreme
1133,NBA Inside Drive
1134,NBA Hangtime
1135,NBA 2K9
1136,NBA 2K23
1137,NBA 2K18
1138,NBA 2K17
1139,NBA 2K16
1140,NBA 2K15
1141,NBA 2K14
1142,NBA 2K13
1143,NBA 2K12
1144,NBA 2K11
1145,NBA 2K10
1146,N
1147,Mythos
1148,Myth Makers: Trixie in Toyland
1149,Myth Makers: Super Kart GP
1150,Myst Online: Uru Live
1151,Myst
1152,My Teen Romantic Comedy SNAFU Game Collection
1153,My Lovely Wife
1154,My Little Pony: A Maretime Bay Adventure
1155,My Hero: Ultra Impact
1156,My Girlfriend is a Mermaid!? Refine
1157,Muv-Luv Alternative Total Eclipse Remastered
1158,Musicus!
1159,MultiVersus
1160,MouseCraft
1161,Mount & Blade: With Fire & Sword
1162,Mount & Blade: Warband
1163,Mount & Blade II: Bannerlord
1164,Mount & Blade
1165,MotoGP 22
1166,MotoGP 21
1167,Moto Roader MC
1168,Mothmen 1966
1169,Moss: Book 2
1170,Moshi Monsters
1171,Mortal Online
1172,Mortal Kombat X
1173,Mortal Kombat 11
1174,Mortal Kombat (2011)
1175,Mordhau
1176,Moonscars
1177,Moonbase Alpha
1178,Monument Valley: Panoramic Edition
1179,Monument Valley 2: Panoramic Edition
1180,MonsterMMORPG
1181,Monster Outbreak
1182,Monster Hunter Rise: Sunbreak
1183,Monster Hunter Rise
1184,Monster Energy Supercross: The Official Videogame 5
1185,Monster Crown
1186,Monster Boy and the Cursed Kingdom
1187,Monochrome Mobius: Rights and Wrongs Forgotten
1188,Monark
1189,Monark
1190,Monaco: What's Yours Is Mine
1191,Miss Kobayashi's Dragon Maid: Sakuretsu!! Chorogon Breath
1192,Miss Kobayashi's Dragon Maid: Sakuretsu!! Chorogon Breath
1193,Mirror's Edge
1194,Minions of Mirth
1195,Mini World
1196,Mini Motorways
1197,Minecraft: Story Mode
1198,Minecraft: Dungeons
1199,Minecraft
1200,Milky Way Prince - The Vampire Star
1201,Mika and the Witch’s Mountain
1202,Might and Magic VII
1203,Might & Magic X: Legacy
1204,Midnight Fight Express
1205,Middle-earth: Shadow of Mordor
1206,Microsoft Solitaire
1207,Microsoft Minesweeper
1208,Microsoft Flight Simulator X
1209,Microsoft Combat Flight Simulator
1210,Metro: Last Light
1211,Metro 2033
1212,Metin2
1213,Meteor World Actor: Badge & Dagger
1214,Metal: Hellsinger
1215,Metal Slug Defense
1216,Metal Max Xeno Reborn
1217,Metal Gear Solid V: The Phantom Pain
1218,Metal Gear Solid V: Ground Zeroes
1219,Metal Gear Solid 2: Substance
1220,Metal Gear Solid
1221,Metal Gear 2: Solid Snake
1222,Metal Gear
1223,Metal Dogs
1224,Meridian 59
1225,Mercenaries Rebirth: Call of the Wild Lynx
1226,Meg’s Monster
1227,Megaton Musashi X
1228,MegaRace 3
1229,MegaRace 2
1230,MegaRace
1231,Mega Man Battle & Fighters
1232,Medieval: Total War
1233,Medieval II: Total War
1234,Medal of Honor: Warfighter
1235,Medal of Honor
1236,Mechwarrior Online
1237,McPixel 3
1238,Max Payne 2: The Fall of Max Payne
1239,Max Payne
1240,Matchpoint - Tennis Championships
1241,Master of Epic
1242,Mass Effect 3
1243,Mass Effect 2
1244,Mass Effect
1245,Mary Skelter 2
1246,Marvel's Spider-Man Remastered
1247,Marvel's Midnight Suns
1248,Marvel Heroes 2015
1249,Marvel Heroes
1250,Martha is Dead
1251,Mario Strikers: Battle League
1252,Mario + Rabbids Sparks of Hope
1253,Mari0
1254,Marco & The Galaxy Dragon
1255,Maquette
1256,MapleStory 2
1257,MapleStory
1258,Maldita Castilla
1259,Majestic Majolical
1260,MaguSphere: Magical Cannon Girls
1261,Maglam Lord
1262,Magicka
1263,Magicians Dead: Force of the Soul
1264,Magatsu Barai
1265,Mafia: The City of Lost Heaven
1266,Madison
1267,Made in Abyss: Binary Star Falling into Darkness
1268,Made in Abyss: Binary Star Falling into Darkness
1269,Madden NFL 23
1270,Machinarium
1271,Mabinogi
1272,MX vs. ATV Legends
1273,MVP Baseball 2005
1274,MU Online
1275,MLB The Show 22
1276,MDK2
1277,MDK
1278,M1 Tank Platoon II
1279,M1 Tank Platoon
1280,M.U.G.E.N.
1281,M.U.G.E.N
1282,M.U.D. TV
1283,Luto
1284,Lunistice
1285,Lunark
1286,Lumote: The Mastermote Chronicles
1287,LumbearJack
1288,Luftrausers
1289,Luckydog1
1290,Lover Pretend
1291,Lovely Planet
1292,Love
1293,Lost in Play
1294,Lost Ruins
1295,Lost Epic
1296,Lost Eidolons
1297,Lost Ark
1298,Lost Ark
1299,Lords of the Realm II
1300,Lords of Ravage
1301,Loot River
1302,Loopmancer
1303,Loopers
1304,Lonesome Village
1305,London Taxi: Rush Hour
1306,Loco Motive
1307,Lobotomy Corporation
1308,Loadout
1309,Live A Live
1310,Little Witch Nobeta
1311,Little Orpheus
1312,Little Noah: Scion of Paradise
1313,Little League World Series Baseball 2022
1314,"Little Kitty, Big City"
1315,Little Fighter 2
1316,Little Devil Inside
1317,Lineage II
1318,Lineage
1319,Line: Monster Rancher
1320,Lila's Sky Ark
1321,Lightning Returns: Final Fantasy XIII
1322,Light Fairytale Episode I
1323,Life Is Strange: Arcadia Bay Collection
1324,Life Is Strange Remastered Collection
1325,Liberated: Enhanced Edition
1326,Let’s Play! Oink Games
1327,Lemon Cake
1328,Leisure Suit Larry series
1329,Lego Star Wars: The Video Game
1330,Lego Star Wars: The Skywalker Saga
1331,Lego Rock Raiders
1332,Lego Builder's Journey
1333,Lego Bricktales
1334,Lego Brawls
1335,Lego Batman: The Videogame
1336,Lego Batman 3: Beyond Gotham
1337,Lego Batman 2: DC Super Heroes
1338,Legends of Runeterra
1339,Legends of Callasia
1340,Legal Dungeon
1341,Left 4 Dead 2
1342,League of Legends
1343,Layers of Fear
1344,Layer Section & Galactic Attack S-Tribute
1345,Lawn Mowing Simulator
1346,Last Ninja 2
1347,Lara Croft and the Temple of Osiris
1348,Lara Croft and the Guardian of Light
1349,Lands of Lore: The Throne of Chaos
1350,Lands of Lore: Guardians of Destiny
1351,Lands of Lore III
1352,Lake
1353,Lair Land Story 2: Mist of Sea
1354,Lair Land Story
1355,Labyrinth of Zangetsu
1356,LaTale
1357,La Campanella della Eterno
1358,LOOP 8
1359,L.O.L. Surprise! B.B’s Born
1360,L.A. Noire
1361,Kukoos: Lost Pets
1362,Krut: The Mythic Wings
1363,Kowloon High-School Chronicle
1364,Kowloon High-School Chronicle
1365,Koumajou Remilia: Scarlet Symphony
1366,KonoSuba: God's Blessing on this Wonderful World! Cursed Relic and the Perplexed Adventurers
1367,Kokoro Clover Season 1
1368,Koa and the Five Pirates of Mara
1369,Know by Heart
1370,Knights in the Nightmare Remaster
1371,Knights and Merchants: The Shattered Kingdom
1372,Knight Online
1373,Klonoa Phantasy Reverie Series
1374,Klonoa Phantasy Reverie Series
1375,Kiss Trilogy
1376,Kiss Kara Hajimaru Gyaru no Koi: Kurumi no Uwasa to Honto no Kimochi
1377,Kirby's Dream Buffet
1378,Kirby and the Forgotten Land
1379,Kingdoms of the Dump
1380,Kingdoms of Amalur: Reckoning
1381,Kingdom: New Lands
1382,Kingdom of the Dead
1383,Kingdom Hearts Integrum Masterpiece for Cloud
1384,Kingdom Eighties: Summer of Greed
1385,Kingdom Come: Deliverance
1386,King's Quest 3
1387,King's Quest 2
1388,King's Quest 1
1389,King Arthur: The Role-Playing Wargame
1390,King Arthur: Knight's Tale
1391,King Arthur II: The Role-Playing Wargame
1392,Killing Floor 2
1393,Killing Floor
1394,Killer Frequency
1395,Kids on Site Hard Hat Edition
1396,Kerbal Space Program
1397,Kentucky Route Zero
1398,Kenshi
1399,Kemono Friends 3
1400,Kemco RPG Selection Vol. 9
1401,Katawa Shoujo
1402,KartRider: Drift
1403,Kao the Kangaroo
1404,Kanda Alice mo Suiri Suru.
1405,Kamiwaza: Way of the Thief
1406,Kamiwaza: Way of the Thief
1407,Kal Online
1408,Kaiju Wars
1409,Jyuzaengi: Engetsu Sangokuden 1&2
1410,Just Survive
1411,Just Cause 4
1412,Just Cause 3
1413,Just Cause 2
1414,Just Cause
1415,Jurassic Park: The Game
1416,Jurassic Park III: Dino Defender
1417,Jurassic Park III: Danger Zone!
1418,Jurassic Park
1419,Jumanji: The Curse Returns
1420,Juiced 2: Hot Import Nights
1421,Judge Dredd: Dredd vs. Death
1422,Joe & Mac: Caveman Ninja
1423,JoJo's Bizarre Adventure: All Star Battle R
1424,Jitsu Squad
1425,Jim Power: The Lost Dimension in 3-D
1426,Jill of the Jungle
1427,Jazz Jackrabbit 2
1428,Jazz Jackrabbit
1429,Japanese Rail Sim: Journey to Kyoto
1430,James Bond 007: Nightfire
1431,Jade Empire
1432,Jade Dynasty
1433,Jack Move
1434,Itorah
1435,Istaria: Chronicles of the Gifted
1436,Isonzo
1437,Islets
1438,International Karate
1439,Insurgency: Sandstorm
1440,Insurgency
1441,Inscryption
1442,Infinity Souls
1443,Infinite Guitars
1444,Infernax
1445,Infantry Online
1446,Inertial Drift: Twilight Rivals Edition
1447,Industria
1448,In Nightmare
1449,Imperivm: Great Battles of Rome
1450,Imp of the Sun
1451,Immortality
1452,Illyriad
1453,Ikki Unite
1454,Ikemen Sengoku: Romances Across Time – Arata naru Deai
1455,Ikai
1456,Iji
1457,Idol Manager
1458,Idol Janshi Suchie-Pai Saturn Tribute
1459,Identity
1460,Icewind Dale II
1461,Icewind Dale
1462,Ib
1463,I.G.I.-2: Covert Strike
1464,I-Chu
1465,I Was a Teenage Exocolonist
1466,I Wanna Be the Guy
1467,Hyperdimension Neptunia: Sisters vs. Sisters
1468,Hydlide
1469,Humankind
1470,Hugo's House of Horrors
1471,Hourglass
1472,Houkago Cinderella
1473,Hotline Miami 2: Wrong Number
1474,Hotline Miami
1475,Hotel Giant
1476,Horizon Zero Dawn
1477,Horizon Forbidden West
1478,Horgihugh and Friends
1479,Hooked on You: A Dead by Daylight Dating Sim
1480,Homeworld: Deserts of Kharak
1481,Homeworld: Cataclysm
1482,Homeworld 2
1483,Homeworld
1484,Homebody
1485,Hollow Knight
1486,Hokko Life
1487,Hohokum
1488,Hogs of War
1489,Hitman: Contracts
1490,Hitman: Codename 47
1491,Hitman: Blood Money
1492,Hitman: Absolution
1493,Hitman Trilogy
1494,Hitman III
1495,Hitman 2: Silent Assassin
1496,Hitman 2
1497,Hishou Same! Same! Same!
1498,Hindsight
1499,Himemiya-san wa Kamaitai
1500,Highwater
1501,High on Life
1502,Hidden and Dangerous
1503,Hidden & Dangerous 2
1504,Hidden & Dangerous
1505,Heroine's Quest
1506,Heroes of the Storm
1507,Heroes of the Lance
1508,Heroes of Newerth
1509,Heroes of Might and Magic: A Strategic Quest
1510,Heroes of Might and Magic III
1511,Heroes of Might and Magic II
1512,Heroes and Generals
1513,Hero Online
1514,Hero Dice
1515,Hellpoint
1516,Hello Neighbor 2
1517,Hello Neighbor
1518,Hello Kitty Online
1519,Hell Pie
1520,Heaven Burns Red
1521,Hearts of Iron IV
1522,Hearts of Iron III
1523,Hearts of Iron II
1524,Hearts of Iron
1525,Hearthstone
1526,Heart of the Woods
1527,Hazel Sky
1528,Hattrick
1529,Hatsune Miku: Project DIVA Mega Mix+
1530,Hatsune Miku Logic Paint S
1531,Hatsune Miku Jigsaw Puzzle
1532,Hatsune Miku Connecting Puzzle Tamagotori
1533,Hatoful Boyfriend: A School of Hope and White Wings
1534,Hatch Tales
1535,Harvester
1536,Harvestella
1537,Harvest OverRay + Ano Ko wa Ore kara Hanarenai
1538,Harry Potter and the Philosopher's Stone
1539,Harmonia
1540,Hardspace: Shipbreaker
1541,Hard West II
1542,Hard Truck Apocalypse
1543,Happy's Humble Burger Farm
1544,Happy Wars
1545,Happy Farm
1546,Happiness! Sakura Celebration
1547,Halo: Combat Evolved
1548,Halo 2
1549,Half-Life: Source
1550,Half-Life: Opposing Force
1551,Half-Life: Blue Shift
1552,Half-Life Deathmatch: Source
1553,Half-Life 2: Lost Coast
1554,Half-Life 2: Episode Two
1555,Half-Life 2: Episode One
1556,Half-Life 2: Deathmatch
1557,Half-Life 2
1558,Half-Life
1559,Hakoniwa Bokujou Hitsuji Mura
1560,HajiLove: Making Lovers
1561,"Haiku, the Robot"
1562,Haak
1563,H1Z1
1564,Gwent: Rogue Mage
1565,Gunvolt Chronicles: Luminous Avenger iX 2
1566,Gunvein
1567,Gunpoint
1568,Gungrave G.O.R.E.
1569,Gunfire Reborn
1570,Gundam Evolution
1571,Guild Wars Nightfall
1572,Guild Wars Factions
1573,Guild Wars 2: End of Dragons
1574,Guild Wars 2
1575,Guild Wars
1576,Growtopia
1577,Grounded
1578,Ground Divers
1579,Ground Control II: Operation Exodus
1580,Ground Control
1581,GrimGrimoire OnceMore
1582,Grid Legends
1583,Grid 2
1584,Gravity Bone
1585,Gravitar: Recharged
1586,Graven
1587,Grapple Dog
1588,Grand Theft Auto: Vice City
1589,Grand Theft Auto: The Trilogy – The Definitive Edition
1590,Grand Theft Auto: The Ballad of Gay Tony
1591,Grand Theft Auto: San Andreas
1592,Grand Theft Auto: London 1969
1593,Grand Theft Auto: London 1961
1594,Grand Theft Auto V
1595,Grand Theft Auto Online
1596,Grand Theft Auto IV: The Lost and Damned
1597,Grand Theft Auto IV
1598,Grand Theft Auto III
1599,Grand Theft Auto 2
1600,Grand Theft Auto
1601,Grand Prix 2
1602,Grand Chase
1603,Granado Espada
1604,Gran Turismo 7
1605,Gotta Protectors: Cart of Darkness
1606,Gothic II
1607,Gothic 3: Forsaken Gods
1608,Gothic 3
1609,Gothic
1610,Gotham Knights
1611,Gotham City Impostors
1612,Goonya Monster
1613,Goodbye World
1614,Goodbye Volcano High
1615,Gone Home
1616,Golf with Your Friends
1617,GodsWar Online
1618,Godfall: Ultimate Edition
1619,God of War Ragnarök
1620,God of War
1621,God of Rock
1622,Goat Simulator 3
1623,Goat Simulator
1624,Gnosia
1625,Glory of the Roman Empire
1626,Gimmick! Special Edition
1627,Gigapocalypse
1628,GigaBash
1629,Gibbon: Beyond the Trees
1630,Giant Cop: Justice Above All
1631,Ghostwire: Tokyo - Prelude
1632,Ghostwire: Tokyo
1633,Ghostbusters: Spirits Unleashed
1634,Ghost Song
1635,Getsu Fūma Den: Undying Moon
1636,GetAmped
1637,Gesshizu: Minna de Chokomaka Muradukuri
1638,Gerda: A Flame in Winter
1639,Gensou Shoujo Wars: Dream of the Stray Dreamer
1640,Genkai Tokki: Seven Pirates H
1641,GemStone IV
1642,Gekkeiju Online
1643,Garry's Mod
1644,Garden Story
1645,Ganryu 2: Hakuma Kojiro
1646,Gamedec
1647,Game Dev Tycoon
1648,Galactic Civilizations IV
1649,Gal Gun: Double Peace
1650,GTR Evolution
1651,G-Mode Archives+: Megami Tensei Gaiden: Shinyaku Last Bible
1652,G-Darius HD
1653,Fullmetal Alchemist Mobile
1654,Full Throttle
1655,Fueled Up
1656,Frozenheim
1657,Front Mission 1st: Remake
1658,Frogun
1659,Frogger and the Rumbling Ruins
1660,Frogger
1661,Frog Fractions
1662,Frets on Fire
1663,Freshly Frosted
1664,Freelancer
1665,Freedom Planet 2
1666,FreeSpace 2
1667,FreeOrion
1668,FreeCol
1669,FreeCiv
1670,Free Realms
1671,Freddi Fish 3: The Case of the Stolen Conch Shell
1672,Frank Herbert's Dune
1673,Fragoria
1674,Fragment’s Note Plus
1675,Fragmented
1676,Fragile Allegiance
1677,Forza Horizon 5: Hot Wheels
1678,Forza Horizon 5
1679,Forza Horizon 4
1680,Forza Horizon 3
1681,Fortnite: Battle Royale
1682,Fortnite
1683,For the Glory: A Europa Universalis Game
1684,For Honor
1685,Food Girls 2: Civil War
1686,Fobia - St. Dinfna Hotel
1687,Flyff
1688,Floppy Knights
1689,Floodland
1690,FlatOut: Ultimate Carnage
1691,FlatOut 3: Chaos & Destruction
1692,FlatOut 2
1693,FlatOut
1694,Five Nights at Freddy's: Security Breach
1695,Five Nights at Freddy's 3
1696,Five Nights at Freddy's 2
1697,Five Nights at Freddy's
1698,Five Memories of My Time with You
1699,Fistful of Frags
1700,Fishing Paradiso
1701,Firegirl: Hack 'n Splash Rescue DX
1702,Firefall
1703,Fire Emblem Warriors: Three Hopes
1704,Fire Dragon Fist Master Xiao-Mei
1705,Fire Commander
1706,Final Vendetta
1707,Final Fantasy XV
1708,Final Fantasy XIV (original)
1709,Final Fantasy XIV (A Realm Reborn)
1710,Final Fantasy XIII-2
1711,Final Fantasy XIII
1712,Final Fantasy XI
1713,Final Fantasy X/X-2 HD Remaster
1714,Final Fantasy VIII
1715,Final Fantasy VII: Ever Crisis
1716,Final Fantasy VII Remake Intergrade
1717,Final Fantasy VII
1718,Final Fantasy VI Pixel Remaster
1719,Final Fantasy VI
1720,Final Fantasy V
1721,Final Fantasy Type 0
1722,Final Fantasy IX
1723,Final Fantasy IV: The After Years
1724,Final Fantasy IV
1725,Final Fantasy III
1726,Final Fantasy II
1727,Final Fantasy
1728,Figment 2: Creed Valley
1729,Fighting Legends Online
1730,Fiesta Online
1731,Fez
1732,"February 24, 2015"
1733,Façade
1734,Fast & Furious: Spy Racers Rise of SH1FT3R
1735,Fashion Police Squad
1736,FarmVille 2
1737,FarmVille
1738,Farm Town
1739,Far: Changing Tides
1740,Far Cry Primal
1741,Far Cry 4
1742,Far Cry 3: Blood Dragon Classic Edition
1743,Far Cry 3: Blood Dragon
1744,Far Cry 3
1745,Far Cry 2
1746,Far Cry
1747,Fantasy Westward Journey
1748,Fantasy Earth Zero
1749,Fantage
1750,Fallout: New Vegas
1751,Fallout Tactics: Brotherhood of Steel
1752,Fallout 4
1753,Fallout 3
1754,Fallout 2
1755,Fallout
1756,Falling Out
1757,Fallen London
1758,Fallen Legion: Rise to Glory
1759,Fallen Legion: Rise to Glory
1760,Fallen Legion Revenants
1761,Fallen Legion Revenants
1762,Fallen Earth
1763,Fallen Angel
1764,Fall Guys
1765,Fairy Fencer F: Refrain Chord
1766,Factorio
1767,Face of Mankind
1768,FTL: Faster Than Light
1769,FIFA 23
1770,FIFA 21
1771,FIFA 19
1772,FIFA 18
1773,FIFA 17
1774,FIFA 16
1775,F1 Manager 2022
1776,F1 22
1777,F.I.S.T.: Forged In Shadow Torch
1778,Eyes in the Dark: The Curious Case of One Victoria Bloom
1779,Eye of the Beholder III: Assault on Myth Drannor
1780,Eye of the Beholder II: The Legend of Darkmoon
1781,Eye of the Beholder
1782,Expeditions: Rome
1783,Expedition Zero
1784,Exo One
1785,Evony
1786,Evil West
1787,Evil Dead: The Game
1788,Everquest II
1789,EverQuest II
1790,EverQuest
1791,Ever Tried
1792,Event 0
1793,Even If Tempest
1794,Eve Online
1795,Europa Universalis IV
1796,Europa Universalis III
1797,Europa Universalis II
1798,Europa Universalis
1799,Euro Truck Simulator 2
1800,Euro Truck Simulator
1801,Eternal Threads
1802,Eternal Lands
1803,Eschatos
1804,Eschatos
1805,Escape Academy
1806,Episode 1
1807,Epic Battle Fantasy 4
1808,Epic Battle Fantasy 3
1809,Epic Battle Fantasy 2
1810,Epic Battle Fantasy
1811,Entropia Universe
1812,Endzone - A World Apart: Survivor Edition
1813,Endling: Extinction is Forever
1814,Endless Space
1815,Enclave HD
1816,Enclave
1817,En-Eins Perfektwelt Anastasis
1818,Empires Apart
1819,Empire: Total War
1820,Empire of Sports
1821,Empire Earth III
1822,Empire Earth II
1823,Empire Earth
1824,Empire & State
1825,Emperor: Battle for Dune
1826,Emily Wants to Play
1827,Emil Chronicle Online
1828,Elysion: Feeling of Release
1829,Elyon (video game)
1830,Elsword
1831,Elona
1832,Elemental War 2
1833,ElecHead
1834,Elden Ring
1835,Elasto Mania Remastered
1836,Eiyuden Chronicle: Rising
1837,Egoboo
1838,Egglia: Rebirth
1839,Edge of Eternity
1840,Edens Zero: Pocket Galaxy
1841,Eden Eternal
1842,Echoes of Mana
1843,Echo of Soul
1844,Earth and Beyond
1845,Earth Defense Force 6
1846,EVE ghost enemies
1847,EVE Online
1848,ELEX II
1849,Dysmantle
1850,Dynasty Warriors Online
1851,Dynasty Warriors 9: Empires
1852,Dying Light 2 Stay Human
1853,Dwarf Fortress
1854,Dusk Diver 2
1855,Dusk Diver 2
1856,Dungeons of Dredmor
1857,Dungeons of Aether
1858,Dungeons 3
1859,Dungeons & Dragons Online
1860,Dungeon Siege
1861,Dungeon Munchies
1862,Dungeon Lords
1863,Dungeon Keeper 2
1864,Dungeon Keeper
1865,Dungeon Fighter Online
1866,Dungeon Defenders: Awakened
1867,Dungeon Defenders
1868,Dungeon Crawl Stone Soup
1869,Dune II
1870,Dune 2000
1871,Dune
1872,Duke Nukem 3D
1873,Duke Nukem
1874,Duelists of Eden
1875,Duel Princess
1876,Driver: San Francisco
1877,Driver: Parallel Lines
1878,Driver 3
1879,Driver
1880,Dreamscaper
1881,DreamWorks Dragons: Legends of the Nine Realms
1882,Dreadout 2
1883,Drakensang Online
1884,Drainus
1885,Dragonsphere
1886,Dragons of Flame
1887,DragonStrike
1888,Dragon's Prophet
1889,Dragon's Dogma
1890,Dragon Saga
1891,Dragon Quest X Online All In One Package version 1-6
1892,Dragon Quest X Offline
1893,Dragon Quest X
1894,Dragon Quest Treasures
1895,Dragon Quest Builders
1896,Dragon Oath
1897,Dragon Nest
1898,Dragon Ball: The Breakers
1899,Dragon Ball: The Breakers
1900,Dragon Ball Online
1901,Dragon Age: Origins – Awakening
1902,Dragon Age: Origins
1903,Dragon Age: Inquisition
1904,Dragon Age II
1905,Drago Noka
1906,Dota 2
1907,Dorfromantik
1908,Doraemon Story of Seasons: Friends of the Great Kingdom
1909,Doom II: Hell on Earth
1910,Doom 3
1911,Doom
1912,"Don't Take It Personally, Babe, It Just Ain't Your Story"
1913,Don't Starve Together
1914,Domain of Heroes
1915,Dolmen
1916,Doki Doki Literature Club!
1917,Dofus
1918,Divinity: Original Sin II
1919,Divine Divinity
1920,Distant Worlds 2
1921,Disney Twisted-Wonderland
1922,Disney Speedstorm
1923,Disney Mirrorverse
1924,Disgaea 6 Complete
1925,Disgaea 6 Complete
1926,Discovery Tour: Viking Age
1927,Disc Room
1928,Dirt 3
1929,Dinos Reborn
1930,Dino D-Day
1931,Dink Smallwood
1932,Dimension Tripper Neptune: TOP NEP
1933,Digital: A Love Story
1934,Digital Combat Simulator
1935,Digimon Survive
1936,Digimon Survive
1937,Digimon Masters
1938,Digimon Battle Online
1939,Diablo Immortal
1940,Diablo III
1941,Diablo II
1942,Diablo
1943,Deus Ex: Mankind Divided
1944,Deus Ex: Invisible War
1945,Deus Ex: Human Revolution
1946,Deus Ex
1947,Destroy All Humans! Clone Carnage
1948,Destroy All Humans! 2: Reprobed
1949,Destiny 2: The Witch Queen
1950,Destiny 2
1951,Desta: The Memories Between
1952,Despot’s Game
1953,Desperados: Wanted Dead or Alive
1954,Desperados III
1955,Demon Turf: Neon Splash
1956,Demon Slayer: Kimetsu no Yaiba – The Hinokami Chronicles
1957,Demon Slayer: Kimetsu no Yaiba – The Hinokami Chronicles
1958,Demon Gaze Extra
1959,Demon Gaze Extra
1960,Democracy 3
1961,Delta Force: Xtreme 2
1962,Delta Force: Xtreme
1963,Delta Force: Task Force Dagger
1964,Delta Force: Land Warrior
1965,Delta Force: Black Hawk Down: Team Sabre
1966,Delta Force: Black Hawk Down
1967,Delta Force 2
1968,Delta Force
1969,Deliver Us the Moon
1970,Defiance
1971,Defcon
1972,Deer Hunter
1973,Deemo II
1974,Death’s Gambit: Afterlife
1975,Deathverse: Let It Die
1976,Deathsmiles I & II
1977,Deathrun TV
1978,Deathmatch Classic
1979,Death Stranding Director's Cut
1980,Death Rally
1981,Death Knights of Krynn
1982,Death End Request 2
1983,Death End Request 2
1984,Dear Esther
1985,Deadly Premonition 2: A Blessing in Disguise
1986,Deadly Dozen Reloaded
1987,Deadlight
1988,Deadcraft
1989,Dead Space 3
1990,Dead Space 2
1991,Dead Space
1992,Dead Man's Diary
1993,Dead Island
1994,Dead Frontier
1995,Daymare: 1994 Sandcastle
1996,DayZ
1997,Day of Defeat: Source
1998,Day of Defeat
1999,Dawn of the Monsters
2000,Daryl F. Gates' Police Quest: SWAT
2001,Darkstone: Evil Reigns
2002,Darksiders 2
2003,Darkfall Unholy Wars
2004,Darkfall
2005,Darkeden
2006,DarkSpace
2007,Dark and Light
2008,Dark Sun: Wake of the Ravager
2009,Dark Sun: Shattered Lands
2010,Dark Sun Online: Crimson Sands
2011,Dark Souls III
2012,Dark Souls II
2013,Dark Souls
2014,Dark Envoy
2015,Dark Deity
2016,Dark Ages
2017,Dark Age of Camelot
2018,Danganronpa: Trigger Happy Havoc
2019,Danganronpa V3: Killing Harmony Anniversary Edition
2020,Danganronpa S: Ultimate Summer Camp
2021,Danganronpa 2: Goodbye Despair Anniversary Edition
2022,Danganronpa 2: Goodbye Despair
2023,Dance Dance Revolution A3
2024,Damnation
2025,Dakar Desert Rally
2026,Da Capo 4
2027,DRAMAtical Murder
2028,DOOM
2029,DNF Duel
2030,DJMax Respect V
2031,DC Universe Online
2032,DC League of Super-Pets: The Adventures of Krypto and Ace
2033,Cyberpunk 2077
2034,Cyanotype Daydream: The Girl Who Dreamed the World
2035,Cursed to Golf
2036,Curse of the Sea Rats
2037,Curse of the Azure Bonds
2038,Curious Expedition 2
2039,Cuphead: The Delicious Last Course
2040,Cuphead
2041,Cultic
2042,Cult of the Lamb
2043,Crystarise
2044,Crystar
2045,Crystar
2046,Crystar
2047,Crysis Warhead
2048,Crysis 3
2049,Crysis 2
2050,Crysis
2051,Cryostasis: Sleep of Reason
2052,Crusader Kings III
2053,Crusader Kings II
2054,Crusader Kings
2055,CrossfireX
2056,CrossFire
2057,Crisis Core: Final Fantasy VII Reunion
2058,Crimesight
2059,Cricket 22
2060,Crazyracing Kartrider
2061,Counter-Strike: Source
2062,Counter-Strike: Global Offensive
2063,Counter-Strike: Condition Zero
2064,Counter-Strike Online
2065,Counter-Strike
2066,Cotton Guardian Force Saturn Tribute
2067,Cotton Fantasy
2068,Cossacks II: Napoleonic Wars
2069,Cossacks II: Battle for Europe
2070,Cosmonious High
2071,Coromon
2072,Cooking Mama: Cuisine!
2073,Convergence: A League of Legends Story
2074,Contract Killer
2075,Contagion
2076,Construction Simulator
2077,Constantine
2078,Conan Chop Chop
2079,Company of Heroes 3
2080,Company of Heroes 2
2081,Company of Heroes
2082,Commandos: Strike Force
2083,Commandos: Beyond the Call of Duty
2084,Commandos: Behind Enemy Lines
2085,Commandos 3: Destination Berlin
2086,Commandos 3 - HD Remaster
2087,Commandos 2: Men of Courage
2088,Command & Conquer: Tiberian Sun
2089,Command & Conquer: Renegade
2090,Command & Conquer: Red Alert 3
2091,Command & Conquer: Red Alert 2
2092,Command & Conquer: Red Alert
2093,Command & Conquer: Generals
2094,Command & Conquer 4: Tiberian Twilight
2095,Command & Conquer 3: Tiberium Wars
2096,Command & Conquer
2097,Cogen: Sword of Rewind
2098,Cobra Kai 2: Dojos Rising
2099,Cobalt
2100,Club Penguin
2101,Cloudpunk
2102,Cloud Gardens
2103,Clone Wars Adventures
2104,Clockwork Aquario
2105,Classic British Motor Racing
2106,Clan Lord
2107,Civilization VI
2108,Civilization V: Gods & Kings
2109,Civilization V: Brave New World
2110,Civilization V
2111,Civilization IV
2112,Civilization III: Play the World
2113,Civilization III: Conquests
2114,Civilization III
2115,Civilization II
2116,CityVille
2117,City of Villains
2118,City of Heroes
2119,City Legends - The Curse of the Crimson Shadow CE
2120,Citizen Sleeper
2121,Cities: Skylines
2122,Cities in Motion 2
2123,Cities in Motion
2124,Cities XL
2125,Circus Electrique
2126,Circuit Superstars
2127,Chrono Cross: The Radical Dreamers Edition
2128,Chocobo GP
2129,Chivalry: Medieval Warfare
2130,Chinatown Detective Agency
2131,Chigau!!!+
2132,Chickip Dancers: Norinori Dance de Kokoro mo Odoru
2133,Chex Quest HD
2134,Chernobylite
2135,Chenso Club
2136,Chasing Static
2137,Charon's Staircase
2138,Chaos;Head Noah / Chaos;Child Double Pack
2139,Chaos;Head Noah
2140,Chaos;Child
2141,Chaos Island: The Lost World
2142,Champions of Regnum
2143,Champions of Krynn
2144,Champions Online
2145,Chained Echoes
2146,Century: Age of Ashes
2147,Centipede: Recharged
2148,Cave Story
2149,Cathedral
2150,Catalyst Black
2151,Cataclysm: Dark Days Ahead
2152,Cat Cafe Manager
2153,Castlevania: Lords of Shadow
2154,Castle of the Winds
2155,Castle of Shikigami 2
2156,Cart Life
2157,CarneyVale: Showtime
2158,Cardfight!! Vanguard Dear Days
2159,Card Shark
2160,Card Hunter
2161,Captain Velvet Meteor: The Jump+ Dimensions
2162,Capcom Fighting Collection
2163,Capcom Arcade 2nd Stadium
2164,Canon / Monarchy
2165,Cannibal Cuisine
2166,Candy Crush Saga
2167,Camelot Unchained
2168,Call of Duty: World at War
2169,Call of Duty: Warzone
2170,Call of Duty: WWII
2171,Call of Duty: United Offensive
2172,Call of Duty: Modern Warfare II
2173,Call of Duty: Modern Warfare 3
2174,Call of Duty: Modern Warfare 2
2175,Call of Duty: Infinite Warfare
2176,Call of Duty: Ghosts
2177,Call of Duty: Black Ops 4
2178,Call of Duty: Black Ops 3
2179,Call of Duty: Black Ops 2
2180,Call of Duty: Black Ops
2181,Call of Duty Online
2182,Call of Duty 4: Modern Warfare
2183,Call of Duty 2
2184,Call of Duty
2185,Call of Cthulhu: Dark Corners of the Earth
2186,Caesar III
2187,Caesar II
2188,Cadavers for Dinner
2189,Cabal Online
2190,Bus Simulator
2191,Burnout Paradise: The Ultimate Box
2192,Bunny Park
2193,Bunny Must Die! Chelsea and the 7 Devils
2194,Bullet Soul: Infinite Burst
2195,Bullet Soul Double Pack
2196,Bullet Soul
2197,Bugsnax
2198,Brothers in Arms: Road to Hill 30
2199,Brothers in Arms: Hell's Highway
2200,Brothers in Arms: Earned in Blood
2201,Brok the InvestiGator
2202,Bright Memory: Infinite
2203,Brigandine: The Legend of Runersia
2204,Bridge Project
2205,Breakout: Recharged
2206,Breakers Collection
2207,Brawlhalla
2208,Bravery & Greed
2209,Bravely Default: Brilliant Lights
2210,Braid
2211,Boundless
2212,Boundary
2213,Borderlands: The Pre-Sequel!
2214,Borderlands 3
2215,Borderlands 2
2216,Borderlands
2217,Boomerang Fu
2218,Bomb Rush Cyberfunk
2219,Bokura
2220,Blossom Tales II: The Minotaur Prince
2221,Blood Wars
2222,Blood Bowl 3
2223,Blitzkrieg
2224,Blind Fate: Edo No Yami
2225,Bleach: Brave Souls
2226,Blast Brigade vs. the Evil Legion of Dr. Cread
2227,Blades of Time
2228,Blade Symphony
2229,Blade Strangers
2230,Blade Runner: Enhanced Edition
2231,Blade Runner
2232,Blade Assault
2233,Blade & Soul
2234,Blackwind
2235,Blacktail
2236,Blacklight: Retribution
2237,Blackguards 2
2238,Black Witchcraft
2239,Black Skylands
2240,Black Rock Shooter Fragment
2241,Black Mesa
2242,Black Desert Online
2243,Black & White
2244,Birushana: Rising Flower of Genpei
2245,Birushana: Rising Flower of Genpei
2246,Biomutant
2247,Biomotor Unitron
2248,BioShock Infinite
2249,BioShock 2
2250,BioShock
2251,Billy the Wizard: Rocket Broomstick Racing
2252,Big Bang Pro Wrestling
2253,Bibots
2254,Beyond the Edge of Owlsgard
2255,Beyond Good & Evil
2256,Beyond Divinity
2257,Betrayal at Krondor
2258,Betia Para Para English Adventure
2259,Beneath a Steel Sky
2260,Behind the Frame: The Finest Scenery
2261,Before We Leave
2262,Beat Souls
2263,Beasts and Bumpkins
2264,Bear and Breakfast
2265,BeamNG.drive
2266,Beam Breakers
2267,Beacon Pines
2268,Bayonetta 3
2269,Battlestar Galactica Online
2270,Battleship: Surface Thunder
2271,Battles of Napoleon
2272,Battles in Time
2273,Battlehawks 1942
2274,Battleground 9: Chickamauga
2275,Battleground 8: Prelude to Waterloo
2276,Battleground 7: Bull Run
2277,Battleground 6: Napoleon in Russia
2278,Battleground 5: Antietam
2279,Battleground 4: Shiloh
2280,Battleground 3: Waterloo
2281,Battleground 2: Gettysburg
2282,Battleground 10: Middle East
2283,Battleforge
2284,Battlefield Vietnam
2285,Battlefield V
2286,Battlefield Play4Free
2287,Battlefield Heroes
2288,Battlefield 4
2289,Battlefield 3
2290,Battlefield 2142
2291,Battlefield 2
2292,Battlefield 1942: The Road to Rome
2293,Battlefield 1942: Secret Weapons of WWII
2294,Battlefield 1942
2295,BattleBlock Theater
2296,Battle of the Immortals
2297,Battle Spirits: Connected Battlers
2298,Batora: Lost Haven
2299,Batman: Arkham Origins
2300,Batman: Arkham Knight
2301,Batman: Arkham City
2302,Batman: Arkham Asylum
2303,Bastion
2304,"Barkley, Shut Up and Jam: Gaiden"
2305,Banished
2306,Baldur's Gate: Tales of the Sword Coast
2307,Baldur's Gate: Dark Alliance II
2308,Baldur's Gate II: Throne of Bhaal
2309,Baldur's Gate II: Shadows of Amn
2310,Baldur's Gate
2311,Bail or Jail
2312,Backyard Baseball
2313,Backfirewall
2314,Backbone
2315,Babylon's Fall
2316,Baby Storm
2317,BPM: Bullets Per Minute
2318,Azure Striker Gunvolt 3
2319,Azure Striker Gunvolt 2
2320,Azure Striker Gunvolt
2321,Aztech: Forgotten Gods
2322,Axis Assassin
2323,Axiom Verge 2
2324,Avenging Spirit
2325,Autonauts
2326,Automation - The Car Company Tycoon Game
2327,Aura Kingdom
2328,Audiosurf 2
2329,Audiosurf
2330,Attack on Titan 2
2331,Attack on Titan
2332,Atlantica Online
2333,Atelier Sophie 2: The Alchemist of the Mysterious Dream
2334,Atelier Sophie 2: The Alchemist of the Mysterious Dream
2335,Atari Mania
2336,Atari 50: The Anniversary Celebration
2337,Astroneer
2338,Astrodogs
2339,AstroFire
2340,Astro Aqua Kitty
2341,Astonia III
2342,Asterix & Obelix XXXL: The Ram From Hibernia
2343,Asterigos: Curse of the Stars
2344,Astebreed
2345,Assetto Corsa Competizione
2346,Assetto Corsa
2347,AssaultCube Reloaded (ACR)
2348,AssaultCube (AC)
2349,Assassin’s Creed II
2350,Assassin's Creed: The Ezio Collection
2351,Assassin's Creed: Revelations
2352,Assassin's Creed: Brotherhood
2353,Assassin's Creed Valhalla
2354,Assassin's Creed Unity
2355,Assassin's Creed Syndicate
2356,Assassin's Creed Rogue
2357,Assassin's Creed Origins
2358,Assassin's Creed Odyssey
2359,Assassin's Creed IV: Black Flag
2360,Assassin's Creed III
2361,Assassin's Creed
2362,Asphalt 8: Airborne
2363,Ashwalkers
2364,Asheron's Call 2
2365,Asheron's Call
2366,Ashen Empires
2367,As Dusk Falls
2368,Armagetron Advanced
2369,Arkanoid: Eternal Battle
2370,Ark: Survival Evolved
2371,Are You Smarter Than a Fifth Grader?
2372,Archetype Arcadia
2373,ArcheAge
2374,Arcania: Gothic 4
2375,Arcania: Fall of Setarrif
2376,Arcadegeddon
2377,Arcade Spirits: The New Challengers
2378,Arcade Paradise
2379,Arcade Action Wrestling
2380,Aquarium.
2381,Apex Legends Mobile
2382,Apex Legends
2383,Aperture Desk Job
2384,Apathy: Narugami Gakuen Nana Fushigi
2385,Aonatsu Line
2386,Ao Oni
2387,Anuchard
2388,Anubis II
2389,Antichamber
2390,Anonymous;Code
2391,Anomaly: Warzone Earth
2392,Anno 2205
2393,Anno 2070
2394,Anno 1701
2395,Anno 1602
2396,Anno 1503
2397,Animal Well
2398,Animal Jam
2399,Angels Online
2400,Angband
2401,Andro Dunos II
2402,Anarchy Online
2403,An Elder Scrolls Legend: Battlespire
2404,Among Us
2405,Amnesia: The Dark Descent
2406,Amnesia: Memories
2407,Amnesia: Later×Crowd
2408,Amnesia: A Machine for Pigs
2409,American Truck Simulator
2410,American McGee's Alice
2411,Amazing Bomberman
2412,Alpha Prime
2413,Allods Online
2414,Allegiance
2415,Aliisha: The Oblivion of the Twin Goddesses
2416,Alien Swarm
2417,Alice’s Warped Wonderland: REcollection
2418,Alice Gear Aegis CS: Concerto of Simulatrix
2419,Alfred Hitchcock – Vertigo
2420,Alfred Hitchcock – Vertigo
2421,Aleste Branch
2422,Albion Online
2423,Alan Wake Remastered
2424,Alan Wake
2425,Alaloth – Champions of The Four Kingdoms
2426,Akai Katana Shin
2427,Aka
2428,Aiyoku no Eustia
2429,Airscape: The Fall of Gravity
2430,Airoheart
2431,Air Twister
2432,Air Conflicts: Vietnam
2433,Air Conflicts: Secret Wars
2434,Air Assault Task Force
2435,Aion: The Tower of Eternity
2436,Aion
2437,Ai Space
2438,Ai Kiss 3
2439,Ahriman's Prophecy
2440,Age of Wulin
2441,Age of Wonders: Shadow Magic
2442,Age of Wonders III
2443,Age of Wonders II: The Wizard's Throne
2444,Age of Wonders
2445,Age of Pirates: Caribbean Tales
2446,Age of Pirates 2: City of Abandoned Ships
2447,Age of Mythology
2448,Age of Empires: The Rise of Rome
2449,Age of Empires III: The WarChiefs
2450,Age of Empires III: The Asian Dynasties
2451,Age of Empires III: Definitive Edition – Knights of the Mediterranean
2452,Age of Empires III
2453,Age of Empires II: The Forgotten
2454,Age of Empires II: The Conquerors
2455,Age of Empires II: The Age of Kings
2456,Age of Empires II: The African Kingdoms
2457,Age of Empires II: HD Edition
2458,Age of Empires II: Definitive Edition – Dynasties of India
2459,Age of Empires
2460,Age of Conan
2461,Age of Chivalry
2462,Age of Booty
2463,Agatha Christie: Murder on the Orient Express
2464,Agatha Christie: Evil Under the Sun
2465,Agatha Christie: And Then There Were None
2466,Afterparty
2467,Aftermath
2468,Afterlove EP
2469,Afterlife
2470,Afterimage
2471,After...
2472,Africa Trail
2473,AdvertCity
2474,Adventures of Pip
2475,AdventureQuest Worlds
2476,AdventureQuest 3D
2477,Adventure at the Chateau d'Or
2478,Adventure Time: Pirates of the Enchiridion
2479,Adventure Pinball: Forgotten Island
2480,Adventure Academia: The Fractured Continent
2481,Advent Rising
2482,Adrift (video game)
2483,Adopt Me!
2484,Adios
2485,Adidas Power Soccer
2486,Addiction Pinball
2487,Adam's Venture
2488,Adam Wolfe
2489,AdVenture Capitalist
2490,Ad Verbum
2491,Actua Soccer
2492,Actua Pool
2493,Actua Ice Hockey
2494,Actua Golf 2
2495,Activision Anthology
2496,Action Quake 2
2497,Act of War: High Treason
2498,Act of War: Direct Action
2499,Act of Aggression
2500,Acrophobia (game)
2501,Achtung Spitfire!
2502,Achtung Panzer: Kharkov 1943
2503,Achron
2504,Aces of the Pacific
2505,Aces High
2506,Ace of Spades
2507,Ace Ventura: The CD-Rom Game
2508,Ace Online
2509,Ace Lightning
2510,Ace Combat: Assault Horizon
2511,Ace Combat 7: Skies Unknown
2512,Ace Angler: Fishing Spirits
2513,Ace Angler: Fishing Spirits
2514,Accounting (video game)
2515,Acceleration of Suguri X Edition
2516,Accel World vs. Sword Art Online: Millennium Twilight
2517,Abzû
2518,Abyss Odyssey
2519,Abyss Memory: Fallen Angel and the Path of Magic
2520,Absolver
2521,Absolute Force Online
2522,Absolute Drift
2523,Abomination: The Nemesis Project
2524,Aaero
2525,AaAaAA!!! – A Reckless Disregard for Gravity
2526,ARMA: Armed Assault
2527,ARMA 3
2528,ARMA 2
2529,ARIDA: Backland's Awakening
2530,APB Reloaded
2531,ANNO: Mutationem
2532,AIKA Online
2533,AI: The Somnium Files – Nirvana Initiative
2534,AI: The Somnium Files – Nirvana Initiative
2535,AGON
2536,AGEOD's American Civil War
2537,AEW Fight Forever
2538,AD&D Masterpiece Collection
2539,ABC Sports Monday Night Football
2540,ABC Sports Indy Racing
2541,A.R.E.S.: Extinction Agenda
2542,A.D.A.M. The Inside Story
2543,A.D.A.M. Life's Greatest Mysteries
2544,A.D. 2044
2545,A-Train
2546,A-Men 2
2547,A-10 Cuba!
2548,A to Zap! Featuring the Sunbuddies
2549,A dragon girl looks up at the endless sky
2550,A dead world's dream
2551,A Tale of Paper: Refolded
2552,A Tale in the Desert
2553,A Street Cat's Tale
2554,A Plague Tale: Requiem
2555,"A Passion for Art: Renoir, Cezanne, Matisse, and Dr. Barnes"
2556,A Musical Story
2557,A Monster's Expedition
2558,A Mind Forever Voyaging
2559,A Memoir Blue
2560,A Little to the Left
2561,A Light in the Dark
2562,A Hat in Time
2563,A Guidebook of Babel
2564,A Girls Fabric Face
2565,A Game of Thrones: Genesis
2566,A Fork in the Tale
2567,A Fairy Tale
2568,A Duel Hand Disaster: Trackher
2569,A Druid's Duel
2570,A Detective's Novel
2571,A Demon's Game: Episode 1
2572,A Day in the Woods
2573,A Date in the Park
2574,A City Sleeps
2575,A Chair in a Room: Greenwater
2576,A Butterfly in the District of Dreams
2577,A Boy and His Blob
2578,A Bloody Night
2579,A Blind Legend
2580,A Bird Story
2581,A Bastard's Tale
2582,9: The Last Resort
2583,9-Nine
2584,9 Years of Shadows
2585,8BitMMO
2586,80 Days
2587,7th Legion
2588,7554
2589,7 Days to Die
2590,7 Colors
2591,688(I) Hunter/Killer
2592,500cc Grand Prix
2593,50 Mission Crush
2594,5 A Day Adventures
2595,4x4 Off-Road Racing
2596,4x4 Hummer
2597,4th & Inches
2598,4Story
2599,4D Sports Tennis
2600,4D Sports Boxing
2601,4 Elements
2602,3Kingdoms
2603,3DiTeams
2604,3D Maze Man: Amazing Adventures
2605,3D Construction Kit II
2606,3D Construction Kit
2607,3-Demon
2608,3-D Bomberman
2609,2400 A.D.
2610,221B Baker Street
2611,1942: The Pacific Air War
2612,1914 Shells of Fury
2613,1869
2614,1830: Railroads & Robber Barons
2615,180
2616,18 Wheels of Steel: Haulin'
2617,140
2618,13 Sentinels: Aegis Rim
2619,10th Frame
2620,102 Dalmatians: Puppies to the Rescue
2621,101 Dalmatians: Escape from DeVil Manor
2622,1-0 Soccer Manager
2623,007: Quantum of Solace
2624,007: Licence to Kill
2625,007 Legends
2626,0 A.D.
2627,.hack//G.U. Last Recode
2628,'Metal Gear Rising: Revengeance
